causeID;Название;Англ.название;Входящие коды ICD10 *;Группа причин;Раздел МКБ-10;Подраздел МКБ-10;ГруппаMine
1;Холера;Cholera;A00;A;Некоторые инфекционные и паразитарные болезни;Кишечные инфекции;
2;Брюшной тиф;Typhoid fever;A010;A;Некоторые инфекционные и паразитарные болезни;Кишечные инфекции;
3;Паратифы;Paratyphoid fever;A011,A012,A013,A014;A;Некоторые инфекционные и паразитарные болезни;Кишечные инфекции;
4;Другие сальмонеллезные инфекции;Other salmonella infections;A02;A;Некоторые инфекционные и паразитарные болезни;Кишечные инфекции;
5;Шигеллез;Shigellosis;A03;A;Некоторые инфекционные и паразитарные болезни;Кишечные инфекции;
6;Другие пищевые отравления (бактериальные) исключая сальмонеллез;Other bacterial foodborne intoxications excluding salmonellosis;A05;A;Некоторые инфекционные и паразитарные болезни;Кишечные инфекции;
7;Другие бактериальные кишечные инфекции, включая амебиаз и другие протозойные кишечные заболевания;Other bacterial intestinal infections including amoebiasis and other protozoal intestinal diseases;A04,A06-A08;A;Некоторые инфекционные и паразитарные болезни;Кишечные инфекции;
8;Другой гастроэнтерит и колит инфекционного и неуточненного происхождения;Diarrhoea and gastroenteritis of presumed infectious origin;A09;A;Некоторые инфекционные и паразитарные болезни;Кишечные инфекции;
9;Туберкулез органов дыхания, подтвержденный бактериологически и гистологически;Respiratory tuberculosis, bacteriologically and histologically confirmed;A15;A;Некоторые инфекционные и паразитарные болезни;Туберкулез;
10;Туберкулез органов дыхания, не подтвержденный бактериологически и гистологически;Respiratory tuberculosis, not confirmed bacteriologically or histologically;A16;A;Некоторые инфекционные и паразитарные болезни;Туберкулез;
11;Другие формы туберкулеза, включая поздние осложнения;Other tuberculosis including late effects;A17-A19,B90;A;Некоторые инфекционные и паразитарные болезни;Туберкулез;
12;Чума;Plague;A20;A;Некоторые инфекционные и паразитарные болезни;Некоторые бактериальные зоонозы;
13;Сибирская язва;Anthrax;A22;A;Некоторые инфекционные и паразитарные болезни;Некоторые бактериальные зоонозы;
14;Бруцеллез;Brucellosis;A23;A;Некоторые инфекционные и паразитарные болезни;Некоторые бактериальные зоонозы;
15;Лепра (болезнь Хансена);Leprosy [Hansen's disease];A30;A;Некоторые инфекционные и паразитарные болезни;Другие бактериальные болезни;
16;Столбняк новорожденного;Tetanus neonatorum;A33;A;Некоторые инфекционные и паразитарные болезни;Другие бактериальные болезни;
17;Акушерский столбняк;Obstetrical tetanus;A34;A;Некоторые инфекционные и паразитарные болезни;Другие бактериальные болезни;
18;Другой столбняк;Other tetanus;A35;A;Некоторые инфекционные и паразитарные болезни;Другие бактериальные болезни;
19;Дифтерия;Diphtheria;A36;A;Некоторые инфекционные и паразитарные болезни;Другие бактериальные болезни;
20;Коклюш;Whooping cough;A37;A;Некоторые инфекционные и паразитарные болезни;Другие бактериальные болезни;
21;Скарлатина;Scarlet fever;A38;A;Некоторые инфекционные и паразитарные болезни;Другие бактериальные болезни;
22;Менингококковая инфекция;Meningococcal infection;A39;A;Некоторые инфекционные и паразитарные болезни;Другие бактериальные болезни;
23;Сепсис;Septicaemia;A40,A41;A;Некоторые инфекционные и паразитарные болезни;Другие бактериальные болезни;
24;Рожа;Erysipelas;A46;A;Некоторые инфекционные и паразитарные болезни;Другие бактериальные болезни;
25;Другие бактериальные инфекции кроме пищевых токсикоинфекций;Other bacterial infections excluding foodborne intoxications;A21,A24- A28,A31,A32,A42,A43,A44,A48, A49;A;Некоторые инфекционные и паразитарные болезни;Другие бактериальные болезни;
26;Сифилис (все формы);Syphilis (all forms);A50-A53;A;Некоторые инфекционные и паразитарные болезни;Инфекции, передающиеся преимущественно половым путем;
27;Другие инфекции, передающиеся преимущественно половым путем;Other predominantly sexually transmitted diseases;A54-A64;A;Некоторые инфекционные и паразитарные болезни;Инфекции, передающиеся преимущественно половым путем;
28;Возвратные лихорадки (возвратный тиф);Relapsing fevers (relapsing typhoid fever);A68;A;Некоторые инфекционные и паразитарные болезни;Другие болезни, вызываемые спирохетами;
29;Сыпной тиф;Typhus fever;A75;A;Некоторые инфекционные и паразитарные болезни;Риккетсиозы;
30;Другие риккетсиозы;Other rickettsioses;A77-A79;A;Некоторые инфекционные и паразитарные болезни;Риккетсиозы;
31;Острый полиомиелит;Acute poliomyelitis;A80;A;Некоторые инфекционные и паразитарные болезни;Вирусные инфекции центральной нервной системы;
32;Бешенство;Rabies;A82;A;Некоторые инфекционные и паразитарные болезни;Вирусные инфекции центральной нервной системы;
33;Вирусный энцефалит;Viral encephalitis;A83-A86;A;Некоторые инфекционные и паразитарные болезни;Вирусные инфекции центральной нервной системы;
34;Желтая лихорадка;Yellow fever;A95;A;Некоторые инфекционные и паразитарные болезни;Вирусные лихорадки, передаваемые членистоногими, и вирусные геморрагические лихорадки;
35;Другие вирусные лихорадки и вирусные геморрагические лихорадки, передаваемые членистоногими;Other arthropod-borne viral fevers and viral haemorrhagic fevers;A90-A94,A96-A99;A;Некоторые инфекционные и паразитарные болезни;Вирусные лихорадки, передаваемые членистоногими, и вирусные геморрагические лихорадки;
44;Другие болезни, вызываемые вирусами;All other viral diseases;A81,A87-A89,B00-B04,B06- B09,B25-B34;A;Некоторые инфекционные и паразитарные болезни;Вирусные лихорадки, передаваемые членистоногими, и вирусные геморрагические лихорадки;
52;Другие инфекционные и паразитарные болезни;Other and unspecified infectious and parasitic diseases;A65-A67,A69-A74,B35-B49,B58- B60,B64,B85-B89,B95-B97,B99;A;Некоторые инфекционные и паразитарные болезни;;
36;Корь;Measles;B05;B;Некоторые инфекционные и паразитарные болезни;Вирусные инфекции, характеризующиеся поражениями кожи и слизистых оболочек;
37;Острый гепатит А;Acute hepatitis A;B15;B;Некоторые инфекционные и паразитарные болезни;Вирусный гепатит;
38;Острый гепатит В;Acute hepatitis B;B16;B;Некоторые инфекционные и паразитарные болезни;Вирусный гепатит;
39;Острый вирусный гепатит С;Acute viral hepatitis C;B171;B;Некоторые инфекционные и паразитарные болезни;Вирусный гепатит;
40;Хронические вирусные гепатиты B;Chronic viral hepatitis B;B180-B181;B;Некоторые инфекционные и паразитарные болезни;Вирусный гепатит;
41;Хронический вирусный гепатит C;Chronic viral hepatitis C;B182;B;Некоторые инфекционные и паразитарные болезни;Вирусный гепатит;
42;Прочие острые и хронические вирусные гепатиты;Other acute and chronic viral hepatitis;B172-9,B183-B189,B19;B;Некоторые инфекционные и паразитарные болезни;Вирусный гепатит;
43;Болезнь, вызванная вирусом иммунодефицита человека (ВИЧ);Human immunodeficiency virus [HIV] disease;B20-B24;B;Некоторые инфекционные и паразитарные болезни;Болезнь, вызванная вирусом иммунодефицита человека [ВИЧ];
45;Протозойные заболевания (Малярия);Protozoal diseases (Malaria);B50-B54;B;Некоторые инфекционные и паразитарные болезни;Протозойные болезни;
46;Лейшманиоз;Leishmaniasis;B55;B;Некоторые инфекционные и паразитарные болезни;Протозойные болезни;
47;Трипаносомоз;Trypanosomiasis;B56-B57;B;Некоторые инфекционные и паразитарные болезни;Протозойные болезни;
48;Шистосомоз;Schistosomiasis [bilharziasis];B65;B;Некоторые инфекционные и паразитарные болезни;Гельминтозы;
49;Эхинококкоз;Echinococcosis;B67;B;Некоторые инфекционные и паразитарные болезни;Гельминтозы;
50;Филяриатоз и дракункулез;Dracunculiasis and filariasis;B72,B74;B;Некоторые инфекционные и паразитарные болезни;Гельминтозы;
51;Другие гельминтозы;Other helminthiases;B66,B68-B71,B73,B75-B83;B;Некоторые инфекционные и паразитарные болезни;Гельминтозы;
53;Отдаленные последствия других инфекционных и паразитарных болезней, включая поздние осложнения полиомиелита;Late effects of other infectious and parasitic disease, including late effects of poliomyelitis;B91-B94;B;Некоторые инфекционные и паразитарные болезни;Последствия инфестационных и паразитарных болезней;
54;Злокачественные новообразования губы, полости рта и глотки;Malignant neoplasm of lip, oral cavity and pharynx;C00-C14;C;Новообразования;Злокачественные новообразования;
55;Злокачественные новообразования пищевода;Malignant neoplasm of oesophagus;C15;C;Новообразования;Злокачественные новообразования;
56;Злокачественные новообразования желудка;Malignant neoplasm of stomach;C16;C;Новообразования;Злокачественные новообразования;
57;Злокачественные новообразования тонкого кишечника, включая двенадцатиперстную кишку;Malignant neoplasm of small intestine, including duodenum;C17;C;Новообразования;Злокачественные новообразования;
58;Злокачественные новообразования ободочной кишки;Malignant neoplasm of colon;C18;C;Новообразования;Злокачественные новообразования;
59;Злокачественные новообразования прямой кишки, ректосигмоидного соединения, заднего прохода и анального канала;Malignant neoplasm of rectum, rectosigmoid junction and anus;C19-C21;C;Новообразования;Злокачественные новообразования;
60;Злокачественное новообразование печени и внутрипеченочных желчных протоков;Malignant neoplasm of liver and intrahepatic bile ducts;C22;C;Новообразования;Злокачественные новообразования;
61;Злокачественные новообразования поджелудочной железы;Malignant neoplasm of pancreas;C25;C;Новообразования;Злокачественные новообразования;
62;Злокачественные новообразования других и неточно обозначенных локализаций органов пищеварения;Malignant neoplasm of other and ill-defined digestive organs;C23,C24,C26;C;Новообразования;Злокачественные новообразования;
63;Злокачественное новообразование гортани;Malignant neoplasm of larynx;C32;C;Новообразования;Злокачественные новообразования;
64;Злокачественное новообразование трахеи, бронхов, легких;Malignant neoplasm of trachea, bronchus and lung;C33,C34;C;Новообразования;Злокачественные новообразования;
65;Злокачественное новообразование других и неточно обозначенных локализаций органов дыхания и грудной клетки;Malignant neoplasm of other and ill-defined sites respiratory and intrathoracic organs;C30,C31,C37-C39;C;Новообразования;Злокачественные новообразования;
66;Злокачественное новообразование костей, суставных хрящей конечностей, других и неуточненных локализаций;Malignant neoplasm of bone and articular cartilage of limbs and other and unspecified sites;C40,C41;C;Новообразования;Злокачественные новообразования;
67;Злокачественная меланома кожи;Malignant melanoma of skin;C43;C;Новообразования;Злокачественные новообразования;
68;Другие злокачественные новообразования кожи;Other malignant neoplasms of skin;C44;C;Новообразования;Злокачественные новообразования;
69;Мезотелиома, саркома Капоши, злокачественные новообразования периферических нервов и автономной нервной системы, забрюшинного пространства, брюшины, других мягких тканей и соединительной ткани;Mesothelioma, Kaposi's sarcoma, malignant neoplasm of peripheral nerves and autonomic nervous system, retroperitoneum, peritoneum and other connective and soft tissue;C45-C49;C;Новообразования;Злокачественные новообразования;
70;Злокачественные новообразования грудной железы;Malignant neoplasm of breast;C50;C;Новообразования;Злокачественные новообразования;
71;Злокачественные новообразования шейки матки;Malignant neoplasm of cervix uteri;C53;C;Новообразования;Злокачественные новообразования;
72;Злокачественные новообразования тела матки, матки, других и неуточненных частей матки;Malignant neoplasm of corpus uteri and of uterus, part unspecified;C54,C55;C;Новообразования;Злокачественные новообразования;
73;Злокачественные новообразования яичника;Malignant neoplasm of ovary;C56;C;Новообразования;Злокачественные новообразования;
74;Злокачественные новообразования других и неуточненных женских половых органов;Malignant neoplasm of other and unspecified female genital organs;C51,C52,C57,C58;C;Новообразования;Злокачественные новообразования;
75;Злокачественные новообразования предстательной железы;Malignant neoplasm of prostate;C61;C;Новообразования;Злокачественные новообразования;
76;Злокачественные новообразования других мужских половых органов;Malignant neoplasm of other male genital organs;C60,C62,C63;C;Новообразования;Злокачественные новообразования;
77;Злокачественные новообразования почек, кроме почечной лоханки;Malignant neoplasm of kidney, except renal pelvis;C64;C;Новообразования;Злокачественные новообразования;
78;Злокачественные новообразования мочевого пузыря;Malignant neoplasm of bladder;C67;C;Новообразования;Злокачественные новообразования;
79;Злокачественные новообразования других и неуточненных мочевых органов;Malignant neoplasm of other and unspecified urinary organs;C65,C66,C68;C;Новообразования;Злокачественные новообразования;
80;Злокачественные новообразования мозговых оболочек, головного мозга, спинного мозга, черепномозговых нервов и других частей нервной системы;Malignant neoplasm of meninges, brain, spinal cord, cranial nerves and other parts of central nervous system;C70-C72;C;Новообразования;Злокачественные новообразования;
81;Злокачественные новообразования щитовидной железы;Malignant neoplasm of thyroid gland;C73;C;Новообразования;Злокачественные новообразования;
82;Лимфома Болезнь Ходжкина;Hodgkin's disease;C81;C;Новообразования;Злокачественные новообразования;
83;Неходжкинская лимфома;Non-Hodgkin's lymphoma;C82-C85;C;Новообразования;Злокачественные новообразования;
84;Множественные миеломные и плазмоклеточные новообразования;Multiple myeloma and malignant plasma cell neoplasms;C90;C;Новообразования;Злокачественные новообразования;
85;Лейкемия;Leukaemia;C91-C95;C;Новообразования;Злокачественные новообразования;
86;Злокачественные новообразования других и неточно обозначенных, вторичных и неуточненных локализаций;Malignant neoplasms of other and independent (primary) multiple sites;C69,C74-C80,C88,C96,C97;C;Новообразования;Злокачественные новообразоваия неточно обозначенные, вторичные и неуточненных локализаций;
87;Рак in situ, доброкачественные новообразования, и новообразования неопределенного и неизвестного характера;In situ neoplasms benign and unspecified neoplasms;D00-D48;D;Новообразования;In situ новообразования, доброкачественные новообразования, новообразования неопределенного или неизвестного характера;
88;Гемолитические анемии;Haemolytic anaemias;D55-D59;D;Болезни крови, кроветворных органов и отдельные нарушения, вовлекающие иммунный механизм;;
89;Другие анемии;Other anaemias;D50-D53,D60-D64;D;Болезни крови, кроветворных органов и отдельные нарушения, вовлекающие иммунный механизм;;
90;Другие болезни крови и кроветворных органов и отдельные нарушения с вовлечением иммунного механизма;Other diseases of blood and blood-forming organs, including abnormalities involving immune mechanism;D65-D89;D;Болезни крови, кроветворных органов и отдельные нарушения, вовлекающие иммунный механизм;;
91;Инсулинзависимый сахарный диабет;Insulin-dependent diabetes mellitus;E10;E;Болезни эндокринной системы, расстройства питания и нарушения обмена веществ;Сахарный диабет;
92;Инсулиннезависимый сахарный диабет;Non-insulin-dependent diabetes mellitus;E11;E;Болезни эндокринной системы, расстройства питания и нарушения обмена веществ;Сахарный диабет;
93;Другие формы сахарного диабета;Other forms of diabetes mellitus;E12-E14;E;Болезни эндокринной системы, расстройства питания и нарушения обмена веществ;Сахарный диабет;
94;Недостаточность питания;Malnutrition;E40-E46;E;Болезни эндокринной системы, расстройства питания и нарушения обмена веществ;;
95;Другие болезни эндокринной системы, расстройства питания и нарушения обмена веществ;Diseases of other endocrine glands, other nutritional and metabolic disorders;E00-E07,E15-E16,E20-E35,E50- E90;E;Болезни эндокринной системы, расстройства питания и нарушения обмена веществ;;
96;Психические и поведенческие расстройства, вызванные употреблением алкоголя, острая интоксикация алкоголем;Mental and behavioural disorders due to use of alcohol, acute intoxication;F100;F;Психические расстройства и расстройства поведения;Психические расстройства и расстройства поведения, связанные с употреблением психоактивных веществ;
97;Психические и поведенческие расстройства, вызванные употреблением алкоголя, пагубное потребление алкоголя;Mental and behavioural disorders due to use of alcohol, harmful use;F101;F;Психические расстройства и расстройства поведения;Психические расстройства и расстройства поведения, связанные с употреблением психоактивных веществ;
98;Психические и поведенческие расстройства, вызванные употреблением алкоголя, синдром зависимости;Mental and behavioural disorders due to use of alcohol, dependence syndrome;F102;F;Психические расстройства и расстройства поведения;Психические расстройства и расстройства поведения, связанные с употреблением психоактивных веществ;
99;Другие и неуточненные психические расстройства и расстройства поведения, обусловленные употреблением алкоголя;Other mental and behavioural disorders due to use of alcohol;F103,F106,F108,F109;F;Психические расстройства и расстройства поведения;Психические расстройства и расстройства поведения, связанные с употреблением психоактивных веществ;
100;Алкогольные психозы, энцефалопатия, слабоумие;Alcoholic psychosis, encephalopathy, dementia;F104-5,F106(чACTь)F107;F;Психические расстройства и расстройства поведения;Психические расстройства и расстройства поведения, связанные с употреблением психоактивных веществ;
101;Другие психозы;Other psychoses;F00-F09,F20-F29;F;Психические расстройства и расстройства поведения;;
102;Психические и поведенческие расстройства в результате злоупотребления наркотиками и другими психоактивными веществами;Mental and behavioural disorders due to drug use and use of other psychoactive substances;F11,F12,F14,F13(чACTь),F15(ч ACTь),F16(чACTь),F19(чACTь);F;Психические расстройства и расстройства поведения;;
103;Психические и поведенческие расстройства в результате злоупотребления другими психоактивными веществами;Mental and behavioural disorders due to use of other psychoactive substances;F17,F13(чACTь),F15(чACTь),F 16(чACTь),F19(чACTь);F;Психические расстройства и расстройства поведения;;
104;Умственная отсталость;Mental retardation;;F;Психические расстройства и расстройства поведения;;
105;Другие психические и поведенческие расстройства;Other mental and behavioural disorders;F30-F69,F70-F79,F80-F99;F;Психические расстройства и расстройства поведения;;
106;Менингит, за исключением менингита при инфекционных и паразитарных заболеваниях;Meningitis, excluding infectious and parasitic meningites;G00,G03;G;Болезни нервной системы;;
107;Другие воспалительные заболевания центральной нервной системы;Other inflammatory diseases of the central nervous system;G04,G06,G08,G09;G;Болезни нервной системы;;
108;Болезнь Паркинсона и вторичный паркинсонизм;Parkinson's disease and secondary parkinsonism;G20,G21;G;Болезни нервной системы;;
109;Болезнь Альцгеймера;Alzheimer's disease;G30;G;Болезни нервной системы;;
110;Рассеянный склероз;Multiple sclerosis;G35;G;Болезни нервной системы;;
111;Эпилепсия;Epilepsy;G40,G41;G;Болезни нервной системы;;
112;Детский Церебральный паралич;Infantile cerebral palsy;G80;G;Болезни нервной системы;;
113;Дегенерaция нервной системы, вызвaннaя aлкоголем;Degeneration of nervous system due to alcohol;G312;G;Болезни нервной системы;;
114;Токсическaя энцефaлопaтия;Toxic encephalopathy;G92;G;Болезни нервной системы;;
115;Алкогольная полиневропатия;Alcoholic polyneuropathy;G621;G;Болезни нервной системы;;
116;Алкогольная миопатия;Alcoholic myopathy;G721;G;Болезни нервной системы;;
117;Прочие нарушения нервной системы;Other disorders of the nervous system;G10-G12,G14,G23- G25,G310,1,8,9,G36,G37,G43- G45,G47,G50-G61,G620,2- 9,G63-G71,G720,2-9,G81- G91,G93-G98;G;Болезни нервной системы;;
118;КЛАСС VII. Болезни глаза и его придаточного аппарата;Diseases of the eye and adnexa;H00-H57,H59;H;Болезни глаза и его придаточного аппарата;;
119;Средний отит;Otitis media;H65-H66;H;Болезни уха и сосцевидного отростка;;
120;Другие болезни уха и сосцевидного отростка;Other diseases of the ear and mastoid process;H60-H62,H70-H93,H95;H;Болезни уха и сосцевидного отростка;;
121;Острая ревматическая лихорадка;Acute rheumatic fever;I00-I02;I;Болезни системы кровообращения;;
122;Хронические ревматические болезни сердца;Chronic rheumatic heart diseases;I05-I09;I;Болезни системы кровообращения;;
123;Гипертоническая болезнь с преимущественным поражением сердца;Hypertensive heart disease;I11;I;Болезни системы кровообращения;Болезни, характеризующиеся повышенным кровяным давлением;
124;Гипертоническая болезнь с преимущественным поражением почек;Hypertensive renal disease;I12;I;Болезни системы кровообращения;Болезни, характеризующиеся повышенным кровяным давлением;
125;Гипертоническая болезнь с преимущественным поражением сердца и почек;Hypertensive heart and renal disease;I13;I;Болезни системы кровообращения;Болезни, характеризующиеся повышенным кровяным давлением;
126;Другие и неуточненные формы гипертензии;Other and unspecified hypertensive disease;I10;I;Болезни системы кровообращения;Болезни, характеризующиеся повышенным кровяным давлением;
127;Острый инфаркт миокарда, включая определенные осложнения, развивающиеся после острого инфаркта миокарда;Acute myocardial infarction including certain current complications following acute myocardial infarction;I21, 'I23;I;Болезни системы кровообращения;Ишемическая болезнь сердца;
128;Повторный инфаркт миокарда;Subsequent myocardial infarction;I22;I;Болезни системы кровообращения;Ишемическая болезнь сердца;
129;Атеросклеротическая болезнь сердца;Atherosclerotic heart disease;I251;I;Болезни системы кровообращения;Ишемическая болезнь сердца;
130;Атеросклеротическая сердечно-сосудистая болезнь, так описанная;Atherosclerotic cardiovascular disease, so described;I250;I;Болезни системы кровообращения;Ишемическая болезнь сердца;
131;Хроническая ишемическая болезнь сердца, неуточненная;Chronic ischaemic heart disease, unspecified;I259;I;Болезни системы кровообращения;Ишемическая болезнь сердца;
132;Прочие формы хронической ишемической болезни сердца;Other forms of chronic ischaemic heart diseases;I252-6,8;I;Болезни системы кровообращения;Ишемическая болезнь сердца;
133;Другие формы острой ишемической болезни сердца;Other forms of acute ischaemic heart diseases;I20,I241-9;I;Болезни системы кровообращения;Ишемическая болезнь сердца;
134;Легочное сердце и нарушения легочного кровообращения;Pulmonary heart disease and diseases of pulmonary circulation;I26-I28;I;Болезни системы кровообращения;;
135;Алкогольная кардиомиопатия;Alcoholic cardiomyopathy;I426;I;Болезни системы кровообращения;;
136;Кардиомиопатия, неуточненная;Cardiomyopathy, unspecified;I429;I;Болезни системы кровообращения;;
137;Дегенерация миокарда;Myocardial degeneration;I515;I;Болезни системы кровообращения;;
138;Сердечная недостаточность, неуточненная;Heart failure, unspecified;I509;I;Болезни системы кровообращения;;
139;Внезапная сердечная смерть, так описанная;Sudden cardiac death, so described;I461;I;Болезни системы кровообращения;;
140;Прочие болезни сердца;Other forms of heart disease;I30-I41,I420-5,7,8,I43- I45,I460,9,I47-I49,I500,1,I510- 4,I516-9;I;Болезни системы кровообращения;;
141;Субарахноидальное кровоизлияние;Subarachnoid haemorrhage;I60;I;Болезни системы кровообращения;Цереброваскулярные болезни;
142;Внутримозговые и другие нетравматические внутричерепные кровоизлияния;Intracerebral haemorrhage and other nontraumatic intracranial haemorrhage;I61-I62;I;Болезни системы кровообращения;Цереброваскулярные болезни;
143;Инфаркт мозга;Cerebral infarction;I63;I;Болезни системы кровообращения;Цереброваскулярные болезни;
144;Инсульт, не уточненный как кровоизлияние или инфаркт;Stroke, not specified as haemorrhage or infarction;I64;I;Болезни системы кровообращения;Цереброваскулярные болезни;
145;Церебральный атеросклероз;Cerebral atherosclerosis;I672;I;Болезни системы кровообращения;Цереброваскулярные болезни;
146;Гипертензивная энцефалопатия;Hypertensive encephalopathy;I674;I;Болезни системы кровообращения;Цереброваскулярные болезни;
147;Другие уточненные поражения сосудов мозга;Other specified cerebrovascular diseases;I678;I;Болезни системы кровообращения;Цереброваскулярные болезни;
148;Цереброваскулярная болезнь, неуточненная;Cerebrovascular disease, unspecified;I679;I;Болезни системы кровообращения;Цереброваскулярные болезни;
149;Последствия цереброваскулярных болезней;Sequelae of cerebrovascular disease;I69;I;Болезни системы кровообращения;Цереброваскулярные болезни;
150;Прочие цереброваскулярные болезни;Other cerebrovascular diseases;I670,1,3,5-7,I68;I;Болезни системы кровообращения;Цереброваскулярные болезни;
151;Атеросклероз;Atherosclerosis;I70;I;Болезни системы кровообращения;Болезни артерий, артериол и капилляров;
152;Другие болезни артерий, артериол и капилляров;Other diseases of arteries, arterioles and capillaries;I71-I79;I;Болезни системы кровообращения;Болезни артерий, артериол и капилляров;
153;Флебит и тромбофлебит, венозные тромбозы и эмболии;Phlebitis and thrombophlebitis, venous embolism and thrombosis;I80-I82;I;Болезни системы кровообращения;Болезни вен, лимфатических сосудов и лимфатических узлов, не классифицированные в других рубриках;
154;Другие болезни вен и лимфатических сосудов;Other disorders of veins and lymphatic vessels;I83-I89;I;Болезни системы кровообращения;Болезни вен, лимфатических сосудов и лимфатических узлов, не классифицированные в других рубриках;
155;Другие и неуточненные болезни системы кровообращения;Other and unspecified diseases of circulatory system;I95-I99;I;Болезни системы кровообращения;Другие и неуточненные болезни системы кровообращения;
156;Острые респираторные инфекции верхних дыхательных путей;Acute upper respiratory infections;J00-J01,J028-9,J03-J06;J;Болезни органов дыхания;Острые респираторные инфекции верхних дыхательных путей;
157;Стрептококковый фарингит (ангина);Streptococcal pharyngitis;J020;J;Болезни органов дыхания;Острые респираторные инфекции верхних дыхательных путей;
158;Грипп;Influenza;J09,J10-J11;J;Болезни органов дыхания;Грипп и пневмония;
159;Вирусная пневмония, не классифицированая в других рубриках;Viral pneumonia, not elsewhere classified;J12;J;Болезни органов дыхания;Грипп и пневмония;
160;Бактериальная пневмония;Bacterial pneumonia;J13-J15;J;Болезни органов дыхания;Грипп и пневмония;
161;Пневмония, вызванная другими инфекционными возбудителями, не классифицированная в других рубриках;Pneumonia due to other infectious organisms, not elsewhere classified;J16;J;Болезни органов дыхания;Грипп и пневмония;
162;Пневмония без уточнения возбудителя;Pneumonia, organism unspecified;J18;J;Болезни органов дыхания;Грипп и пневмония;
163;Острые респираторные инфекции нижних дыхательных путей (острые бронхит и бронхиолит);Acute lower respiratory infections (acute bronchitis and bronchiolitis);J20-J22;J;Болезни органов дыхания;Другие острые респираторные инфекции нижних дыхательных путей;
164;Бронхит (неуточненный как острый или хронический);Bronchitis, not specified as acute or chronic;J40;J;Болезни органов дыхания;Хронические болезни нижних дыхательных путей;
165;Эмфизема;Emphysema;J43;J;Болезни органов дыхания;Хронические болезни нижних дыхательных путей;
166;Другие хронические обструктивные заболевания легких;Other chronic obstructive pulmonary disease;J42,J41,J44;J;Болезни органов дыхания;Хронические болезни нижних дыхательных путей;
167;Астма;Asthma;J45-J46;J;Болезни органов дыхания;Хронические болезни нижних дыхательных путей;
168;Бронхоэктазия;Bronchiectasis;J47;J;Болезни органов дыхания;Хронические болезни нижних дыхательных путей;
169;Пневмокониозы и другие болезни легкого, вызванные внешними агентами;Pneumoconiosis and other lung diseases due to external agents;J60-J70;J;Болезни органов дыхания;Болезни легкого, вызванные внешними агентами;
170;Другие респираторные болезни, поражающие главным образом интерстициальную ткань (острый отек легкого, эозинофильная астма, пневмония Леффлера, диффузный и идеопатической легочный фиброз, интерстициальная пневмония без других указаний);Other respiratory diseases principally affecting the interstitium;J80-J84;J;Болезни органов дыхания;Другие респираторные болезни, поражающие главным образом интерстициальную ткань;
171;Гнойные и некротические состояния нижних дыхательных путей (абсцесс легкого и средостения, гангрена и некроз легкого, абсцесс легкого с пневмонией, эмпиема);Suppurative and necrotic conditions of lower respiratory tract;J85-J86;J;Болезни органов дыхания;Гнойные и некротические состояния нижних дыхательных путей;
172;Другие болезни органов дыхания;Other diseases of respiratory system;J30-J39,J90-J99;J;Болезни органов дыхания;Другие болезни органов дыхания;
173;Язва желудка;Gastric ulcer;K25;K;Болезни органов пищеварения;;
174;Язва двенадцатиперстной кишки;Duodenal ulcer;K26;K;Болезни органов пищеварения;;
175;Пептическая язва, неуточненной локализации;Peptic ulcer, site unspecified;K27;K;Болезни органов пищеварения;;
176;Алкогольный гастрит;Alcoholic gastritis;K292;K;Болезни органов пищеварения;;
177;Другие гастриты и доудениты;Other gastritis and duodenitis;K290,1,3-9;K;Болезни органов пищеварения;;
178;Болезни червеобразного отростка (аппендикса);Diseases of appendix;K35-K38;K;Болезни органов пищеварения;;
179;Грыжи;Hernia;K40-K46;K;Болезни органов пищеварения;;
180;Неинфекционные энтериты и колиты;Noninfective enteritis and colitis;K50-K52;K;Болезни органов пищеварения;;
181;Паралитический илеус и непроходимость кишечника без грыжи;Paralytic ileus and intestinal obstruction without hernia;K56;K;Болезни органов пищеварения;;
182;Алкогольная болезнь печени (алкогольный: цирроз, гепатит, фиброз);Alcoholic liver disease (alcoholic: fibrosis, hepatitis, cirrhosis);K70;K;Болезни органов пищеварения;;
183;Фиброз и цирроз печени (кроме алкогольного);Fibrosis and cirrhosis of liver (except of alcoholic);K74;K;Болезни органов пищеварения;;
184;Другие болезни печени;Other diseases of liver;K71-K73,K75-K76;K;Болезни органов пищеварения;;
185;Желчнокаменная болезнь (холелитиаз);Cholelithiasis;K80;K;Болезни органов пищеварения;;
186;Холецистит;Cholecystitis;K81;K;Болезни органов пищеварения;;
187;Хронический панкреатит алкогольной этиологии;Alcohol-induced chronic pancreatitis;K860;K;Болезни органов пищеварения;;
188;Острый панкреатит и другие болезни поджелудочной железы;Acute pancreatitis and other diseases of pancreas;K85,K861-9;K;Болезни органов пищеварения;;
189;Сосудистые болезни кишечника;Vascular disorders of intestine;K55;K;Болезни органов пищеварения;;
190;Перитонит;Peritonitis;K65;K;Болезни органов пищеварения;;
191;Прочие болезни органов пищеварения;Other diseases of the digestive system;K00-K14,K20-K24,K28,K30- K31,K57-K64,K66,K82,K83,K90- K93;K;Болезни органов пищеварения;;
192;Инфекции кожи и подкожной клетчaтки;Infections of the skin and subcutaneous tissue;L00-L08;L;Болезни кожи и подкожной клетчатки;;
193;Неинфекционные заболевания кожи и подкожной клетчaтки;Noninfective disorders of the skin and subcutaneous tissue (L80-L99);L10-L98;L;Болезни кожи и подкожной клетчатки;;
194;Ревматоидный артрит;Rheumatoid arthritis;M05-M06;M;Болезни костно-мышечной системы и соединительной ткани;;
195;Системная красная волчанка;Systemic lupus erythematosus;M32;M;Болезни костно-мышечной системы и соединительной ткани;;
196;Остеомиелит и периостит;Osteomyelitis;M86;M;Болезни костно-мышечной системы и соединительной ткани;;
197;Другие болезни костномышечной системы и соединительной ткани;Other diseases of the musculoskeletal system and connective tissue;M00-M03,M08,M10-M31,M33- M85,M87-M99;M;Болезни костно-мышечной системы и соединительной ткани;;
198;Острый и быстро прогрессирующий нефритический синдром (острые: нефрит, гломерунефрит, гломерулярная болезнь);Acute and rapidly progressive nephritic syndrome (acute: nephritis, glomerulonephritis, glomerular disease);N00-N01;N;Болезни мочеполовой системы;Гломерулярные болезни;
199;Хронический нефритический синдром (хронические: гломерулярная болезнь, гломерунефрит, нефрит);Chronic nephritic syndrome (chronic: glomerular disease, glomerulonephritis, nephritis);N03;N;Болезни мочеполовой системы;Гломерулярные болезни;
200;Другие гломерулярные болезни (нефротический синдром, наследственная нефропатия, нефритический синдром неуточненный);Other glomerular diseases (nephritic syndrome isolated, hereditary nephropathy, nephrotic syndrome unspecified);N02,N04,N05-N08;N;Болезни мочеполовой системы;Гломерулярные болезни;
201;Острый тубулоинтерстициальный нефрит (острые: инфекционный интерстициальный нефрит, пиелит, пиелонефрит);Acute tubulo-interstitial nephritis (acute: infectious interstitial nephritis, pielitis, pielonephritis);N10;N;Болезни мочеполовой системы;Тубулоинтерстициальные болезни почек;
202;Другие тубулоинтерстициальные болезни почек;Other renal tubulo-interstitial diseases;N11-N15;N;Болезни мочеполовой системы;Тубулоинтерстициальные болезни почек;
203;Мочекаменная болезнь;Urolithiasis (Calculus of urinary tract);N20-N23;N;Болезни мочеполовой системы;;
204;Другие болезни мочевыделительной системы;Other diseases of urinary system;N17-N19,N25-N39;N;Болезни мочеполовой системы;;
205;Гиперплазия предстательной железы;Hyperplasia of prostate;N40;N;Болезни мочеполовой системы;;
206;Другие болезни половых органов;Other diseases of genital organs;N41-N99;N;Болезни мочеполовой системы;;
207;Внематочная беременность;Ectopic pregnancy;O00;O;Беременность, роды и послеродовой период;Беременность с абортивным исходом;
208;Легально произведеннй аборт (Медицинский аборт и неудачная попытка абота);Legally induced abortion (Medical abortion and failed attempted abortion);O04,O07;O;Беременность, роды и послеродовой период;Беременность с абортивным исходом;
209;Аборты, начатые и начавшиеся вне лечебного учреждения и неустановленного характера.;Abortion started out of the hospital and unspecified;O01-O03,O05,O06,O08;O;Беременность, роды и послеродовой период;Беременность с абортивным исходом;
210;Токсемия во время беременности;Toxaemia in pregnancy;O10-O16;O;Беременность, роды и послеродовой период;;
211;Кровотечение в связи с отслойкой и предлежанием плаценты;Haemorrhage due to placenta praevia and separation of placenta;O441,O45,O20;O;Беременность, роды и послеродовой период;;
212;Кровотечение в родах и послеродовом периоде;Antepartum and postpartum haemorrhage;O46,O720-3,O670,8,9;O;Беременность, роды и послеродовой период;;
213;Осложнения анестезии во время беременности, родов и в послеродовом периоде;Complications of anaesthesia during pregnancy, labour and delivery, the puerperium;O29,O74,O89;O;Беременность, роды и послеродовой период;;
214;Сепсис во время родов и в послеродовом периоде;Septicaemia in childbirth and the puerperium;O85,O860,O883,O910,1;O;Беременность, роды и послеродовой период;;
215;Акушерская эмболия;Obstetric embolism;O880-2,O888;O;Беременность, роды и послеродовой период;;
216;Разрыв матки до начала родов и во время родов;Rupture of uterus before onset or during labour;O710-O711;O;Беременность, роды и послеродовой период;;
217;Прочие прямые причины акушерской смерти;Other direct obstetric causes;O21-O28,O30- O43,O440,O47,O48,O60- O66,O68-O70,O712- 9,O73,O75,O80-O84,O861- 4,8O87,O90,O912,O92;O;Беременность, роды и послеродовой период;;
218;Непрямые причины акушерской смерти;Indirect obstetric causes;O98,O99;O;Беременность, роды и послеродовой период;;
219;Остальные осложнения беременности, родов и послеродового периода;Other complicating pregnancy, childbirth and the puerperium;O95,O97;O;Беременность, роды и послеродовой период;;
220;Поздняя материнская смерть от любой акушерской причины (смерть матери, наступившая спустя 42 дня после родов, но не позднее одного года после родов);Death from any obstetric cause occurring more than 42 days but less than one year after delivery;O96;O;Беременность, роды и послеродовой период;;
221;Родовая травма;Birth trauma;P10-P15;P;Отдельные состояния, возникающие в перинатальном периоде;;
222;Внутриутробная гипоксия и асфикция в родах;Intrauterine hypoxia and birth asphyxia;P20-P21;P;Отдельные состояния, возникающие в перинатальном периоде;;
223;Дыхательное расстройство новорожденного (дистресс);Respiratory distress of newborn;P22;P;Отдельные состояния, возникающие в перинатальном периоде;;
224;Врожденная пневмония;Congenital pneumonia;P23;P;Отдельные состояния, возникающие в перинатальном периоде;;
225;Другие респираторные состояния у новорожденного специфичные для перинатального периода;Other respiratory disorders specific to the perinatal period (P20-P29);P24-P28;P;Отдельные состояния, возникающие в перинатальном периоде;;
226;Бактериальный сепсис новорожденного;Bacterial sepsis of newborn;P36;P;Отдельные состояния, возникающие в перинатальном периоде;;
227;Омфалит новорожденного с умеренным кровотечением или без него;Omphalitis of newborn with or without mild haemorrhage;P38;P;Отдельные состояния, возникающие в перинатальном периоде;;
228;Геморрагические нарушения у плода и новорожденного;Haemorrhagic disorders of newborn;P50-P54;P;Отдельные состояния, возникающие в перинатальном периоде;Геморрагические и гематологические нарушения у плода и новорожденного;
229;Гемолитическая болезнь и другие виды желтух;Haemolytic disease and other perinatal jaundices;P55-P61;P;Отдельные состояния, возникающие в перинатальном периоде;Геморрагические и гематологические нарушения у плода и новорожденного;
230;Преходящие эндокринные нарушения и нарушения обмена веществ, специфичные для плода и новорожденного;Transitory endocrine and metabolic disorders specific to fetus and newborn;P70-P74;P;Отдельные состояния, возникающие в перинатальном периоде;;
231;Остальные перинатальные состояния;Other conditions originating in the perinatal period;P29,P35,P37,P39,P75-P96,P05- P08;P;Отдельные состояния, возникающие в перинатальном периоде;;
232;Врожденная гидроцефалия и spina bifida;Spina bifida and congenital hydrocephalus;Q03,Q05;Q;Врожденные аномалии [пороки развития], деформации и хромосомные нарушения;Врожденные аномалии развития нервной системы;
233;Другие врожденные аномалии развития нервной системы;Other congenital anomalies of central nervous system;Q00-Q02,Q04,Q06-Q07;Q;Врожденные аномалии [пороки развития], деформации и хромосомные нарушения;Врожденные аномалии развития нервной системы;
234;Врожденные аномалии развития сердца;Congenital anomalies of heart;Q20-Q24;Q;Врожденные аномалии [пороки развития], деформации и хромосомные нарушения;Врожденные аномалии системы кровообращения;
235;Другие врожденные аномалии развития системы кровообращения;Other congenital anomalies of circulatory system;Q25-Q28;Q;Врожденные аномалии [пороки развития], деформации и хромосомные нарушения;Врожденные аномалии системы кровообращения;
236;Врожденные пороки развития органов дыхания;Congenital malformations of the respiratory system;Q30-Q34;Q;Врожденные аномалии [пороки развития], деформации и хромосомные нарушения;;
237;Врожденные аномалии развития органов пищеварения;Congenital anomalies of digestive systeme;Q35-Q45;Q;Врожденные аномалии [пороки развития], деформации и хромосомные нарушения;;
238;Врожденные аномалии развития мочевыделительной системы;Congenital malformations of the urinary system;Q60-Q64;Q;Врожденные аномалии [пороки развития], деформации и хромосомные нарушения;;
239;Синдром Дауна и другие хромосомные аномалии, не классифицированные в ругих разделах;Down's syndrome and other chromosomal abnormalities, not elsewhere classified;Q90-Q99;Q;Врожденные аномалии [пороки развития], деформации и хромосомные нарушения;;
240;Алкогольный синдром у плодa (дизморфия);Fetal alcohol syndrome (dysmorphic);Q860;Q;Врожденные аномалии [пороки развития], деформации и хромосомные нарушения;;
241;Прочие врожденные аномалии развития, деформации и хромосомные нарушения;Other congenital malformations, deformations and chromosomal abnormalities;Q10-Q18,Q50-Q56,Q65- Q85,Q861-8,Q87-Q89;Q;Врожденные аномалии [пороки развития], деформации и хромосомные нарушения;;
242;Старость;Senility;R54;R;Симптомы, признаки и отклонения от нормы, выявленные при клинических и лабораторных исследованиях, не классифицированные в других рубриках;;
243;Синдром внезапной смерти младенца;Sudden infant death syndrome;R95;R;Симптомы, признаки и отклонения от нормы, выявленные при клинических и лабораторных исследованиях, не классифицированные в других рубриках;;
244;Другие виды внезапной смерти по неизвестной причине, смерть без свидетелей;Other sudden death, cause unknown and unattended death;R96-R99;R;Симптомы, признаки и отклонения от нормы, выявленные при клинических и лабораторных исследованиях, не классифицированные в других рубриках;;
245;Другие симптомы и неточно обозначенные причины смерти;Other ill-defined and unspecified causes of mortality;R00-R53,R55-R94,;R;Симптомы, признаки и отклонения от нормы, выявленные при клинических и лабораторных исследованиях, не классифицированные в других рубриках;;
246;Травмы головы (перелом костей черепа и лица);Injuries to the head;S00-S09;S;Травмы, отравления и некоторые другие последствия воздействия внешних причин;;
247;Травмы шеи;Injuries to the neck;S10-S19;S;Травмы, отравления и некоторые другие последствия воздействия внешних причин;;
248;Травмы грудной клетки;Injuries to the thorax;S20-S29;S;Травмы, отравления и некоторые другие последствия воздействия внешних причин;;
249;Травма брюшной полости, нижней части спины, поясничнокрестцового отдела позвоночника и таза;Injuries to the abdomen, lower back, lumbar spine and pelvis;S30-S39;S;Травмы, отравления и некоторые другие последствия воздействия внешних причин;;
250;Травмы конечностей;Limb injuries;S40-S99;S;Травмы, отравления и некоторые другие последствия воздействия внешних причин;;
251;Последствия попадания инородного тела через естественные отверстия;The consequences of a foreign body entering through natural orifice;T15-T19;T;Травмы, отравления и некоторые другие последствия воздействия внешних причин;;
252;Термические и химические ожоги;Thermal and chemical burns;T20-T32;T;Травмы, отравления и некоторые другие последствия воздействия внешних причин;;
253;Обморожения;Frostbite;T33-T35;T;Травмы, отравления и некоторые другие последствия воздействия внешних причин;;
254;Неблагоприятные реакции на химические и биологические вещества (отравления);Adverse reactions to chemical and biological substances (poisoning);T36-T65;T;Травмы, отравления и некоторые другие последствия воздействия внешних причин;;
255;Все другие и неуточненные травмы и другие последствия воздействия внешних факторов;All other neutochnen nye-injury and the consequences of external factors;T00-T14,T66-T98;T;Травмы, отравления и некоторые другие последствия воздействия внешних причин;;
306;Тяжелый острый респираторный синдром [SARS];Severe acute respiratory syndrome;U04;U;Временные обозначения новых диагнозов неясной этиологии или для использования в чрезвычайных ситуациях;;
256;Пешеход, получивший травму в результате дорожно- транспортного происшествия (кроме травм на железной дороге);Pedestrian injured in road traffic cases (except rail);V011,V021,V031,V041,V092- 3,V832,V842,V852,V862;V;Внешние причины заболеваемости и смертности;Транспортные несчастные случаи;Неумышленные
257;Велосипедист (любой), мотоциклист (любой) и лицо, находящееся в трехколесном транспортном средстве, пострадавшие в результате дорожного транспортного случая;Cyclist (any), the motorcyclist (any) and a person in a three- wheeled vehicle, injured in road traffic cases;V103-9,V113-9,V123-9,V133- 9,V143-9,V153-9,V163-9,V173- 9,V183-9,V194-9,V203-9,V213- 9,V223-9,V233-9,V243-9,V253- 9,V263-9,V273-9,V283-9,V294- 9,V304-9,V314-9,V324-9,V334- 9,V344-9,V354-9,V364-9,V374- 9,V384-9,V394-9;V;Внешние причины заболеваемости и смертности;Транспортные несчастные случаи;Неумышленные
258;Лицо, находившееся в автотранспортном средстве, пострадавшее в результате дорожного транспортного случая;The person that was found in the vehicle injured in road traffic cases;V404-9,V414-9,V424-9,V434- 9,V444-9,V454-9,V464-9,V474- 9,V484-9,V494-9,V504-9,V514- 9,V524-9,V534-9,V544-9,V554- 9,V564-9,V574-9,V584-9,V594- 9,V604-9,V614-9,V624-9,V634- 9,V644-9,V654-9,V664-9,V674- 9,V684-9,V694-9,V704-9,V714- 9,V724-9,V734-9,V744-9,V754- 9,V764-9,V774-9,V784-9,V794-9;V;Внешние причины заболеваемости и смертности;Транспортные несчастные случаи;Неумышленные
259;Пешеход, пострадавший в результате недорожного транспортного случая (кроме железнодорожного);Pedestrian injured in road mobile case (except rail);V010,V020,V030,V040,V090,V0 91,V837,V847,V857,V867;V;Внешние причины заболеваемости и смертности;Транспортные несчастные случаи;Неумышленные
260;Велосипедист (любой), мотоциклист (любой) и лицо, находящееся в трехколесном транспортном средстве, пострадавшие в результате недорожного транспортного случая;Cyclist (any), the motorcyclist (any) and a person in a three- wheeled vehicle, injured in road mobile case;V100-2,V110-2,V120-2,V130- 2,V140-2,V150-2,V160-2,V170- 2,V180-2,V190-3,V200-2,V210- 2,V220-2,V230-2,V240-2,V250- 2,V260-2,V270-2,V280-2,V290- 3,V300-3,V310-3,V320-3,V330- 3,V340-3,V350-3,V360-3,V370- 3,V380-3,V390-3;V;Внешние причины заболеваемости и смертности;Транспортные несчастные случаи;Неумышленные
261;Лицо, находившееся в автотранспортном средстве, пострадавшее в результате недорожного транспортного случая;The person that was found in the vehicle affected by the-road case;V400-3,V410-3,V420-3,V430- 3,V440-3,V450-3,V460-3,V470- 3,V480-3,V490-3,V500-3,V510- 3,V520-3,V530-3,V540-3,V550- 3,V560-3,V570-3,V580-3,V590- 3,V600-3,V610-3,V620-3,V630- 3,V640-3,V650-3,V660-3,V670- 3,V680-3,V690-3,V700-3,V710- 3,V720-3,V730-3,V740-3,V750- 3,V760-3,V770-3,V780-3,V790-3;V;Внешние причины заболеваемости и смертности;Транспортные несчастные случаи;Неумышленные
262;Пешеход, пострадавший при столкновении с поездом или другим железнодорожным транспортным средством;Pedestrian injured in a collision with a train or other railway vehicle;V05;V;Внешние причины заболеваемости и смертности;Транспортные несчастные случаи;Неумышленные
263;Пешеход, пострадавший в результате неуточненного транспортного случая (кроме железнодорожного);Pedestrian injured in unspecified transport case (except rail);V019,V029,V039,V049,V099;V;Внешние причины заболеваемости и смертности;Транспортные несчастные случаи;Неумышленные
264;Погружение в воду и утопление в результате аварии на водном транспортном средстве;Immersion in water and drowning in an accident on the water craft;V90;V;Внешние причины заболеваемости и смертности;Транспортные несчастные случаи;Неумышленные
265;Погружение в воду и утопление, связанное с водным транспортом, не связанное с аварией на нем;Immersion in water and drowning related to water transport is not associated with an accident on it;V92;V;Внешние причины заболеваемости и смертности;Транспортные несчастные случаи;Неумышленные
266;Другие и неуточненные несчастные случаи на водном транспорте;Other and unspecified accidents in water transport;V91,V93,V94;V;Внешние причины заболеваемости и смертности;Транспортные несчастные случаи;Неумышленные
267;Несчастные случаи на воздушном транспорте и при космических полетах;Accidents in air transport and space travel;V95-V97;V;Внешние причины заболеваемости и смертности;Транспортные несчастные случаи;Неумышленные
268;Другие и неуточненные транспортные несчастные случаи;Other and unspecified transport accidents;V06,V80-V82,V830-1,V833- 6,V839,V840-1,V84- 6,V849,V850-1,V853- 6,V859,V860-1,V863- 6,V869,V87-V89,V98-V99;V;Внешние причины заболеваемости и смертности;Транспортные несчастные случаи;Неумышленные
269;Падение на поверхности одного уровня;Fall on same level;W00-W09,W18;W;Внешние причины заболеваемости и смертности;Падения;Неумышленные
270;Падение с одного уровня на другой;Fall from one level to another;W10-W17;W;Внешние причины заболеваемости и смертности;Падения;Неумышленные
271;Падение неуточненное;Unspecified fall;W19;W;Внешние причины заболеваемости и смертности;Падения;Неумышленные
272;Случайное утопление и погружение в воду в искусственном водоеме;Accidental drowning and submersion in an artificial reservoir;W65,W67;W;Внешние причины заболеваемости и смертности;Случайное утопление или погружение в воду;Неумышленные
273;Случайное утопление и погружение в воду в результате падения в искусственный водоем;Accidental drowning and submersion due to fall in the artificial pond;W66,W68;W;Внешние причины заболеваемости и смертности;Случайное утопление или погружение в воду;Неумышленные
274;Случайное утопление и погружение в воду во время нахождения в естественном водоеме;Accidental drowning and submersion while in natural water;W69;W;Внешние причины заболеваемости и смертности;Случайное утопление или погружение в воду;Неумышленные
275;Случайное утопление и погружение в воду в результате падения в естественный водоем;Accidental drowning and submersion following fall into natural water;W70;W;Внешние причины заболеваемости и смертности;Случайное утопление или погружение в воду;Неумышленные
276;Другие случайные утопления (уточненные и неуточненные);Other specified drowning and submersion, unspecified drowning and submersion;W73-W74;W;Внешние причины заболеваемости и смертности;Случайное утопление или погружение в воду;Неумышленные
277;Случайное вдыхание и проглатывание, приводящее к обструкции дыхательных путей, инорордные предметы;Accidental inhalation and ingestion causing obstruction of respiratory tract, foreign body entering other orifices;W75-W84;W;Внешние причины заболеваемости и смертности;Другие несчастные случаи с угрозой дыханию;Неумышленные
301;Несчастный случай, вызванный огнестрельным оружием;Accident caused by firearm missile;W32-W34;W;Внешние причины заболеваемости и смертности;Воздействие неживых механических сил;Неумышленные
305;Прочие и неуточненные внешние причины смерти и их поздние эффекты;Other and unspecified external causes, late effects of external causes;W20-W31,W35-W64,X10- X30,X32-X39,X50-X57,Y35,Y85- Y871,Y88-Y891,W85-W99;W;Внешние причины заболеваемости и смертности;Другие несчастные случаи;Неумышленные
278;Случайные несчастные случаи, вызванные воздействием дымом, огнем и пламенем;Accident caused by fire, smoke, flame;X00-X09;X;Внешние причины заболеваемости и смертности;Воздействие дыма, огня и пламени;Неумышленные
279;Случайное отравление (воздействие) алкоголем;Accidental poisoning by and exposure to alcohol;X45;X;Внешние причины заболеваемости и смертности;Случайное отравление и воздействие ядовитыми веществами;Неумышленные
280;Случайное отравление и воздействие медикаментами и биолгически активными веществами, кроме наркотиков и психоделиков;Accidental poisoning by and exposure to drugs,medicaments and biological substances, except narcotics and psychodysleptics;X40,X41,X43,X44;X;Внешние причины заболеваемости и смертности;Случайное отравление и воздействие ядовитыми веществами;Неумышленные
281;Случайное отравление и воздействие наркотиками и психодислептиками [галлюциногенами], не классифицированное в других рубриках;Accidental poisoning by and exposure to narcotics and psychodysleptics [hallucinogens], not elsewhere classified;X42;X;Внешние причины заболеваемости и смертности;Случайное отравление и воздействие ядовитыми веществами;Неумышленные
282;Прочие случайные отравления;Other accidental poisoning;X46-X49;X;Внешние причины заболеваемости и смертности;Случайное отравление и воздействие ядовитыми веществами;Неумышленные
283;Преднамеренное самоотравление и воздействие алкоголем;Intentional self-poisoning by and exposure to alcohol;X65;X;Внешние причины заболеваемости и смертности;Преднамеренное самоповреждение;Самоубийства
284;Другие преднамеренные самоповреждения (включая самоубийство);Other iIntentional self-harm;X60-X64,X66-X84;X;Внешние причины заболеваемости и смертности;Преднамеренное самоповреждение;Самоубийства
285;Убийство (нападение, насилие) совершенное другим человеком, включая легально произведенную смертную казнь;Homicide and injury purposely inflicted by other persons, including legal execution;X85-Y09;X;Внешние причины заболеваемости и смертности;Нападение;Убийства
302;Воздействие чрезмерно низкой природной температуры;Exposure to excessive natural cold;X31;X;Внешние причины заболеваемости и смертности;Воздействие неживых механических сил;Неумышленные
303;Воздействие или последствия других указанных или не указанных в других рубриках факторов;Exposure to or sequelae of other specified or unspecified factors;X58,X59,Y872,Y899;X;Внешние причины заболеваемости и смертности;Другие несчастные случаи;Неумышленные
286;Отравление и воздействие медикаментами с неопределенными намерениями;Poisoning by and exposure to medication with unknown intentions;Y10-Y11,Y13-Y14;Y;Внешние причины заболеваемости и смертности;Повреждение с неопределенными намерениями;Не определено
287;Отравление и воздействие наркотиками и психодислептиками [галлюциногенами], не классифицированное в других рубриках с неопределенными намерениями;Poisoning by and exposure to narcotics and psychodysleptics[hallucinogens], not elsewhere classified, undetermined intent;Y12;Y;Внешние причины заболеваемости и смертности;Повреждение с неопределенными намерениями;Не определено
288;Отравление и воздействие алкоголем с неопределенными намерениями;Poisoning by and exposure to alcohol, undetermined intent;Y15;Y;Внешние причины заболеваемости и смертности;Повреждение с неопределенными намерениями;Не определено
289;Прочие отравления с неопределенными намерениями;Other poisoning with unknown intentions;Y16-Y19;Y;Внешние причины заболеваемости и смертности;Повреждение с неопределенными намерениями;Не определено
290;Повешение, удушение и удавление с неопределенными намерениями;Hanging, strangulation and suffocation, undetermined intent;Y20;Y;Внешние причины заболеваемости и смертности;Повреждение с неопределенными намерениями;Не определено
291;Погружение в воду и утопление с неопределенными намерениями;Drowning and submersion, undetermined intent;Y21;Y;Внешние причины заболеваемости и смертности;Повреждение с неопределенными намерениями;Не определено
292;Повреждение в результате выстрела из огнестрельного оружия с неопределенными намерениями;Handgun discharge, rifle, shotgun and larger firearm discharge and other and unspecified firearm discharge, undetermined intent;Y22-Y24;Y;Внешние причины заболеваемости и смертности;Повреждение с неопределенными намерениями;Не определено
293;Воздействие дымом, огнем и пламенем с неопределенными намерениями;Exposure to smoke, fire and flames, undetermined intent;Y26;Y;Внешние причины заболеваемости и смертности;Повреждение с неопределенными намерениями;Не определено
294;Контакт с острым и тупым предметом с неопределенными намерениями;Contact with sharp or blunt object, undetermined intent;Y28-Y29;Y;Внешние причины заболеваемости и смертности;Повреждение с неопределенными намерениями;Не определено
295;Падение, прыжок или сталкивание с высоты с неопределенными намерениями;Falling, jumping or pushed from a high place, undetermined intent;Y30;Y;Внешние причины заболеваемости и смертности;Повреждение с неопределенными намерениями;Не определено
296;Авария моторного транспортного средства с неопределенными намерениями;Crashing of motor vehicle, undetermined intent;Y32;Y;Внешние причины заболеваемости и смертности;Повреждение с неопределенными намерениями;Не определено
297;Уточненные и неуточненные повреждения с неопределенными намерениями;Other specified and unspecified event, undetermined intent;Y33-Y34;Y;Внешние причины заболеваемости и смертности;Повреждение с неопределенными намерениями;Не определено
298;Прочие повреждения с неопределенными намерениями;Other damage with uncertain intentions;Y25,Y27,Y31;Y;Внешние причины заболеваемости и смертности;Повреждение с неопределенными намерениями;Не определено
299;Повреждения в результате военных действий;Operations of war;Y36;Y;Внешние причины заболеваемости и смертности;Последствия в результате действий, предусмотренных законом;Убийства
300;Осложнения терапевтического и хирургического вмешательств;Misadventures to patients during medical care;Y40-Y84;Y;Внешние причины заболеваемости и смертности;Осложнения терапевтических и хирургических вмешательств;Убийства
304;Терроризм;Terrorism;Y38,Y892;Y;Внешние причины заболеваемости и смертности;Последствия в результате действий, предусмотренных законом;Убийства
